STATE,Total_Population,Avg_AGI,Electric (EV),Plug-In Hybrid Electric (PHEV),Hybrid Electric (HEV),Biodiesel,Ethanol/Flex (E85),Compressed Natural Gas (CNG),Propane,Hydrogen,Methanol,Gasoline,Diesel,Unknown Fuel,Year,Rural VMT,Urban VMT,Total VMT,PADD_Region,Gasoline_Price,Median_Income,Fatality_Count
Alaska,7788980.0,4.5,500,300,5400,0,62000,3700,0,0,0,484900,41000,16100,2018,2276.520690035,3210.799304395,5487.3199944299995,West Coast (PADD 5),3.3,95440,80.0
Alaska,7788980.0,4.5,700,400,5800,0,64000,3200,0,0,0,473700,40100,14600,2019,2589.85610256,3291.447025075,5881.303127635,West Coast (PADD 5),3.337,82450,67.0
Alaska,7788980.0,4.5,900,400,6200,0,64000,2700,0,0,0,460900,39600,11400,2020,2482.95744,2822.93111,5305.88855,West Coast (PADD 5),2.82,92670,64.0
Alaska,7788980.0,4.5,1300,500,7300,7600,50100,100,0,0,0,464200,31700,6300,2021,2682.07237,3070.11528,5752.18765,West Coast (PADD 5),3.7,87440,70.0
Alaska,7788980.0,4.5,2700,900,10600,9600,46800,0,0,0,0,454300,29800,5100,2023,"         2,467 ","         3,150 ","           5,617 ",West Coast (PADD 5),4.513,93310,76.51724137931035
Alaska,7788980.0,4.5,2000,700,9000,8700,48600,0,0,0,0,457100,30500,5500,2022,2406.10348,3072,"            5,478 ",West Coast (PADD 5),4.952,90850,82.0
Alabama,47258650.0,4.5,1300,1500,31800,0,509500,17000,0,0,0,3733700,135900,46000,2018,28788.27199398,42378.934759875,71167.206753855,Gulf Coast (PADD 3),2.446,62250,953.0
Alabama,47258650.0,4.5,2000,1800,33700,0,543900,15900,0,0,0,3806700,144900,44300,2019,29011.352422055003,42723.27538845,71734.627810505,Gulf Coast (PADD 3),2.283,59900,930.0
Alabama,47258650.0,4.5,2900,2100,36300,0,567600,15100,0,0,0,3863500,154100,41600,2020,27813.55132,40107.94552,67921.49684,Gulf Coast (PADD 3),1.851,66430,934.0
Alabama,47258650.0,4.5,4700,3300,42500,40500,449500,500,100,0,0,4051000,123500,32000,2021,29164.42232,42727.60904,71892.03136,Gulf Coast (PADD 3),2.692,63980,983.0
Alabama,47258650.0,4.5,13000,5800,63300,54200,441200,100,100,0,0,4102200,127000,29000,2023,"       29,230 ","       43,058 ","         72,289 ",Gulf Coast (PADD 3),3.091,62290,1005.9655172413793
Alabama,47258650.0,4.5,8700,4400,50800,48100,449800,100,100,0,0,4077100,126100,30300,2022,29140.51428,42490,"          71,631 ",Gulf Coast (PADD 3),3.517,63750,988.0
Arkansas,28459530.0,4.5,600,800,20300,0,370600,9200,0,0,0,2070200,101700,18100,2018,17787.340513494997,18887.968533320003,36675.309046815004,Gulf Coast (PADD 3),2.446,60880,520.0
Arkansas,28459530.0,4.5,900,1000,21100,0,383000,8000,0,0,0,2059000,105200,16700,2019,17945.277779255,19153.74203867,37099.019817925,Gulf Coast (PADD 3),2.283,59720,511.0
Arkansas,28459530.0,4.5,1300,1100,22400,0,392800,7200,0,0,0,2093700,111100,15700,2020,16305.24715,17613.51477,33918.76191,Gulf Coast (PADD 3),1.851,64470,651.0
Arkansas,28459530.0,4.5,2400,1800,26100,28700,290200,300,0,0,0,2241600,88800,11000,2021,19258.96907,19167.8367,38426.80577,Gulf Coast (PADD 3),2.692,59400,692.0
Arkansas,28459530.0,4.5,7100,3200,37000,37000,276700,200,0,0,0,2246100,90700,10300,2023,"       18,855 ","       20,246 ","         39,101 ",Gulf Coast (PADD 3),3.091,56120,601.9655172413793
Arkansas,28459530.0,4.5,5100,2500,30600,33300,283900,200,0,0,0,2229500,89700,10600,2022,18488.5605,20042,"          38,530 ",Gulf Coast (PADD 3),3.517,56870,643.0
Arizona,72485590.0,4.5,12600,7700,102000,0,533600,15500,0,0,0,5061900,196300,103700,2018,16342.948480849998,49801.562724510004,66144.51120536,West Coast (PADD 5),3.3,73060,1011.0
Arizona,72485590.0,4.5,19500,9600,108100,0,571500,14300,0,0,0,5186900,208800,99000,2019,16689.928833665,53590.717634595,70280.64646826,West Coast (PADD 5),3.337,74710,979.0
Arizona,72485590.0,4.5,28800,11200,115400,0,584800,13800,0,0,0,5202200,226000,103400,2020,15767.88222,49990.3969,65758.27912,West Coast (PADD 5),2.82,83540,1053.0
Arizona,72485590.0,4.5,40700,15500,132200,51000,460400,900,900,0,0,5395300,191800,70500,2021,17619.57538,56140.3803,73759.95568,West Coast (PADD 5),3.7,78480,1192.0
Arizona,72485590.0,4.5,89800,25600,175700,68600,437100,600,700,0,0,5469000,197700,64200,2023,"       18,119 ","       57,178 ","         75,297 ",West Coast (PADD 5),4.513,76370,1002.5862068965517
Arizona,72485590.0,4.5,65800,20400,150800,61200,446000,600,800,0,0,5476100,198700,70100,2022,17900.15315,58259,"          76,159 ",West Coast (PADD 5),4.952,79310,1302.0
California,412840200.0,4.5,273500,215000,1085300,0,1615200,77700,0,9400,300,28646700,761600,129800,2018,58432.196126955,290363.51732941007,348795.71345636505,West Coast (PADD 5),3.3,85710,3798.0
California,412840200.0,4.5,349700,247300,1154200,0,1698700,76200,0,12700,300,29210100,785800,136900,2019,56480.47497096001,284355.77654788503,340836.25151884503,West Coast (PADD 5),3.337,84560,3719.0
California,412840200.0,4.5,425300,265500,1228700,0,1745100,75300,0,14000,300,29642700,825900,116700,2020,55380.9434,244430.73966,299811.68307,West Coast (PADD 5),2.82,92330,3980.0
California,412840200.0,4.5,563100,315300,1355900,163600,1343200,12600,1500,11800,0,30512600,710500,10400,2021,58381.06804,252441.65787,310822.72591,West Coast (PADD 5),3.7,90840,4513.0
California,412840200.0,4.5,1256600,410700,1703200,201600,1314600,10100,1500,16900,0,31191900,735300,7900,2023,"       59,682 ","     256,930 ","       316,612 ",West Coast (PADD 5),4.513,88690,3746.344827586207
California,412840200.0,4.5,903600,361100,1514000,183900,1338000,10300,1500,14900,0,31059000,725300,8200,2022,60266.79194,254977,"        315,244 ",West Coast (PADD 5),4.952,91350,4428.0
Colorado,63277240.0,4.5,12500,7400,84700,0,420500,13500,0,0,0,4278900,236200,78200,2018,15894.22210635,38059.385397399994,53953.60750375,Rocky Mountain (PADD 4),2.775,91760,632.0
Colorado,63277240.0,4.5,19200,9300,92400,0,447700,12600,0,0,0,4347900,246700,73600,2019,16215.9583388,38417.5961711,54633.5545099,Rocky Mountain (PADD 4),2.646,87610,597.0
Colorado,63277240.0,4.5,24700,10800,96500,0,447000,11400,0,0,0,4263300,249700,89600,2020,15040.15321,33601.8934,48642.0466,Rocky Mountain (PADD 4),2.248,85700,622.0
Colorado,63277240.0,4.5,37000,16100,113600,53800,346700,600,100,0,0,4456600,208400,53500,2021,16723.07476,37116.63149,53839.70626,Rocky Mountain (PADD 4),3.177,98010,691.0
Colorado,63277240.0,4.5,90100,37500,152700,68100,334300,300,100,0,0,4508800,203400,46500,2023,"       17,161 ","       37,494 ","         54,654 ",Rocky Mountain (PADD 4),3.597,93510,598.1724137931035
Colorado,63277240.0,4.5,59900,24000,131800,62100,346400,300,100,0,0,4506300,206800,49400,2022,16814.29542,37121,"          53,935 ",Rocky Mountain (PADD 4),3.983,95130,764.0
Connecticut,39813850.0,4.5,5000,5200,45100,0,188100,2500,0,0,0,2643300,54000,28200,2018,3158.971345,28436.733983,31595.705327999996,New England (PADD 1A),2.742,90930,293.0
Connecticut,39813850.0,4.5,6900,5700,47400,0,196800,2300,0,0,0,2632800,53100,27700,2019,3188.6883675,28412.159987999996,31600.848355499995,New England (PADD 1A),2.574,87340,249.0
Connecticut,39813850.0,4.5,9000,6200,49600,0,199300,2000,0,0,0,2577600,53000,26100,2020,2936.49632,26908.44194,29844.93826,New England (PADD 1A),2.145,103200,299.0
Connecticut,39813850.0,4.5,13300,9200,55400,8800,140700,400,0,0,0,2578400,44300,21500,2021,2858.19619,26130.34642,28988.54262,New England (PADD 1A),2.956,92930,303.0
Connecticut,39813850.0,4.5,31600,18400,75300,10900,133600,100,0,0,0,2612600,42300,20900,2023,"         3,113 ","       27,389 ","         30,503 ",New England (PADD 1A),3.47,94340,296.2068965517241
Connecticut,39813850.0,4.5,22000,13100,64500,10100,139800,200,0,0,0,2636300,44100,21200,2022,3007.70311,26659,"          29,666 ",New England (PADD 1A),3.982,90660,359.0
District of Columbia,7719440.0,4.5,1100,1000,13900,0,23500,200,0,0,0,291000,2600,1100,2018,0.0,3690.67797093,3690.67797093,Central Atlantic (PADD 1B),2.799,99470,
District of Columbia,7719440.0,4.5,1800,1300,13700,0,22500,200,0,0,0,286300,2400,1100,2019,0.0,3756.0697547099994,3756.0697547099994,Central Atlantic (PADD 1B),2.656,102900,
District of Columbia,7719440.0,4.5,2400,1600,14300,0,21900,200,0,0,0,274400,2300,1200,2020,0.0,3030.47397,3030.47397,Central Atlantic (PADD 1B),2.282,110100,
District of Columbia,7719440.0,4.5,3700,2500,16100,300,17400,100,0,0,0,278900,2100,600,2021,0.0,3247.77543,3247.77543,Central Atlantic (PADD 1B),3.07,103200,
District of Columbia,7719440.0,4.5,8100,3700,18100,400,16800,100,0,0,0,262500,1800,600,2023, -,"         3,481 ","           3,481 ",Central Atlantic (PADD 1B),3.562,105700,
District of Columbia,7719440.0,4.5,5900,3200,17200,400,17800,100,0,0,0,272200,2000,600,2022,0.0,3421,"            3,421 ",Central Atlantic (PADD 1B),4.033,101500,
Delaware,10795210.0,4.5,800,1200,12300,0,80700,1200,0,0,0,758500,17000,6900,2018,2469.5994439,7709.78436255,10179.38380645,Central Atlantic (PADD 1B),2.799,79500,111.0
Delaware,10795210.0,4.5,1300,1300,13200,0,85500,1000,0,0,0,768600,17200,6800,2019,2527.2577967499997,7717.901119399999,10245.158916149998,Central Atlantic (PADD 1B),2.656,77990,132.0
Delaware,10795210.0,4.5,1900,1500,14800,0,89700,1000,0,0,0,780600,17900,6600,2020,2021.04094,6324.18867,8345.22961,Central Atlantic (PADD 1B),2.282,87700,116.0
Delaware,10795210.0,4.5,3000,2000,16700,4100,67400,100,0,0,0,796400,14600,5300,2021,2834.93625,7317.48821,10152.42445,Central Atlantic (PADD 1B),3.07,81920,136.0
Delaware,10795210.0,4.5,8400,3800,22900,5100,63900,0,0,0,0,791300,14200,5100,2023,"         2,525 ","         7,192 ","           9,718 ",Central Atlantic (PADD 1B),3.562,83960,122.89655172413794
Delaware,10795210.0,4.5,5400,2800,19500,4700,66200,0,0,0,0,795400,14500,5100,2022,2623.41821,7249,"            9,872 ",Central Atlantic (PADD 1B),4.033,76920,162.0
Florida,236504760.0,4.5,27400,17400,226900,0,1423900,15500,0,0,0,14541500,386500,135600,2018,36742.04892791,185073.69172737998,221815.74065528996,Lower Atlantic (PADD 1C),2.563,64960,3135.0
Florida,236504760.0,4.5,40300,20400,235300,0,1486600,14200,0,0,0,14726700,408500,139200,2019,37531.031291725005,188983.3848357,226514.416127425,Lower Atlantic (PADD 1C),2.41,65550,3185.0
Florida,236504760.0,4.5,58200,22400,248500,0,1513000,13100,0,0,0,14925500,433700,127300,2020,35241.01806,172834.90083,208075.91888,Lower Atlantic (PADD 1C),2.012,69000,3329.0
Florida,236504760.0,4.5,95600,32200,287000,129300,1154600,600,100,0,0,15595900,336900,97400,2021,37740.50885,179825.86809,217566.37694,Lower Atlantic (PADD 1C),2.833,67570,3741.0
Florida,236504760.0,4.5,254900,57300,414500,170500,1101100,400,100,0,0,16136500,351800,96100,2023,"       41,896 ","     197,293 ","       239,188 ",Lower Atlantic (PADD 1C),3.279,67960,2975.344827586207
Florida,236504760.0,4.5,168000,45800,338700,150900,1137200,400,100,0,0,15846500,343500,97200,2022,40044.1383,187713,"        227,757 ",Lower Atlantic (PADD 1C),3.654,66890,3530.0
Georgia,106142760.0,4.5,15900,7000,97100,0,852500,23400,0,0,0,7500000,230100,104100,2018,32848.529615385,98607.00315996501,131455.53277535,Lower Atlantic (PADD 1C),2.563,70960,1505.0
Georgia,106142760.0,4.5,19000,8400,101800,0,890400,22000,0,0,0,7552700,237500,101800,2019,31809.861678575002,101317.79654395001,133127.658222525,Lower Atlantic (PADD 1C),2.41,66960,1492.0
Georgia,106142760.0,4.5,23500,9400,109000,0,919400,21000,0,0,0,7665100,252800,97600,2020,28983.82553,86983.00107,115966.8266,Lower Atlantic (PADD 1C),2.012,66940,1658.0
Georgia,106142760.0,4.5,34000,13600,128200,70200,745200,700,300,0,0,8123100,203200,81200,2021,30240.90849,90444.31557,120685.22407,Lower Atlantic (PADD 1C),2.833,69330,1809.0
Georgia,106142760.0,4.5,92400,22700,175300,92500,719400,300,200,0,0,8256400,206300,76900,2023,"       31,939 ","       94,401 ","       126,339 ",Lower Atlantic (PADD 1C),3.279,70420,1508.1379310344828
Georgia,106142760.0,4.5,60100,18100,147200,82500,745000,300,300,0,0,8204500,205900,78500,2022,43544.88249,85326,"        128,871 ",Lower Atlantic (PADD 1C),3.654,68860,1797.0
Hawaii,15469720.0,4.5,6600,2400,24800,0,52100,1100,0,0,0,969000,17800,6900,2018,1845.203164785,9041.564581999999,10886.767746784999,West Coast (PADD 5),3.3,90070,117.0
Hawaii,15469720.0,4.5,8800,2900,25800,0,55600,1000,0,0,0,970900,17900,6800,2019,1876.6682393,9147.336662165,11024.004901465,West Coast (PADD 5),3.337,96100,108.0
Hawaii,15469720.0,4.5,10700,3200,26400,0,52700,900,0,100,0,948300,18000,6000,2020,1466.72735,7318.63919,8785.36654,West Coast (PADD 5),2.82,104000,85.0
Hawaii,15469720.0,4.5,14200,4500,28800,2800,42200,100,0,0,0,968200,15700,4300,2021,1735.76462,8236.19912,9971.96374,West Coast (PADD 5),3.7,94560,94.0
Hawaii,15469720.0,4.5,25600,7300,36400,3400,37300,0,0,0,0,951000,15400,3700,2023,"         1,839 ","         8,597 ","         10,435 ",West Coast (PADD 5),4.513,94620,118.79310344827586
Hawaii,15469720.0,4.5,19800,5600,32600,3100,39900,0,0,0,0,960000,15500,4000,2022,1823.60249,8465,"          10,289 ",West Coast (PADD 5),4.952,92050,116.0
Iowa,32942510.0,4.5,1100,2000,30700,0,430600,11200,0,0,0,2397500,115300,72800,2018,19716.88967503,13565.510364189999,33282.400039219996,Midwest (PADD 2),2.596,77670,319.0
Iowa,32942510.0,4.5,1600,2400,33100,0,448900,10200,0,0,0,2397900,120300,71000,2019,19956.167067785,13580.85197046,33537.019038245,Midwest (PADD 2),2.486,82430,336.0
Iowa,32942510.0,4.5,2300,2600,36400,0,459900,9500,0,0,0,2402200,125300,69100,2020,17877.28083,11874.21591,29751.49674,Midwest (PADD 2),2.027,78080,343.0
Iowa,32942510.0,4.5,3700,3600,42500,31100,343600,300,0,0,0,2525400,100900,59600,2021,19953.53562,13085.74202,33039.27764,Midwest (PADD 2),2.885,80510,356.0
Iowa,32942510.0,4.5,9000,6100,57200,41700,331300,100,0,0,0,2545400,105000,57500,2023,"       20,106 ","       13,148 ","         33,254 ",Midwest (PADD 2),3.363,79350,400.6896551724138
Iowa,32942510.0,4.5,6200,4900,48600,37000,338900,100,0,0,0,2521300,103000,58200,2022,19747.49338,12965,"          32,712 ",Midwest (PADD 2),3.809,81110,338.0
Idaho,18326350.0,4.5,1100,1100,19600,0,136900,11200,0,0,0,1426000,138400,26300,2018,10180.3475607,7528.798213299999,17709.145773999997,Rocky Mountain (PADD 4),2.775,72810,234.0
Idaho,18326350.0,4.5,1600,1500,21900,0,148600,10500,0,0,0,1453500,147200,25500,2019,10109.09945985,7948.56211615,18057.661576,Rocky Mountain (PADD 4),2.646,70450,224.0
Idaho,18326350.0,4.5,2300,1700,24900,0,156300,9900,0,0,0,1480700,155700,26900,2020,10017.65165,7388.76597,17406.41762,Rocky Mountain (PADD 4),2.248,78000,214.0
Idaho,18326350.0,4.5,3500,2500,30400,33400,132500,300,100,0,0,1545500,133500,29400,2021,11224.62315,8083.54693,19308.17008,Rocky Mountain (PADD 4),3.177,78060,273.0
Idaho,18326350.0,4.5,8500,4600,43700,45900,132900,100,100,0,0,1568600,138600,31600,2023,"       11,457 ","         8,261 ","         19,718 ",Rocky Mountain (PADD 4),3.597,75460,241.72413793103448
Idaho,18326350.0,4.5,5900,3500,36500,40300,133300,100,100,0,0,1545500,136000,33000,2022,11067.24357,8090,"          19,157 ",Rocky Mountain (PADD 4),3.983,86130,215.0
Illinois,136032200.0,4.5,13600,9900,163800,0,1110700,14800,0,0,0,8631200,200800,89600,2018,25652.437112650005,82301.81681035,107954.25392300001,Midwest (PADD 2),2.596,80730,1035.0
Illinois,136032200.0,4.5,19300,11600,177300,0,1153600,13400,0,0,0,8665900,209000,98000,2019,25375.58713115,82149.0573352,107524.64446635,Midwest (PADD 2),2.486,84140,1009.0
Illinois,136032200.0,4.5,26000,13000,190600,0,1154700,12100,0,0,0,8533600,213600,90600,2020,23325.89508,70794.70228,94120.59736,Midwest (PADD 2),2.027,87950,1193.0
Illinois,136032200.0,4.5,36500,18300,214300,48100,822300,800,100,0,0,8657800,169900,59600,2021,21601.72982,75927.85318,97529.583,Midwest (PADD 2),2.885,86960,1334.0
Illinois,136032200.0,4.5,99600,33400,285400,61500,772900,300,0,0,0,8560300,170200,59600,2023,"       24,831 ","       78,040 ","       102,871 ",Midwest (PADD 2),3.363,81120,1222.896551724138
Illinois,136032200.0,4.5,66900,25700,244100,55400,807900,300,0,0,0,8606400,171300,59500,2022,25020.42989,78732,"        103,752 ",Midwest (PADD 2),3.809,88750,1268.0
Indiana,71242560.0,4.5,3400,4100,64000,0,698200,16100,0,0,0,4881200,168300,73400,2018,29691.337463395,51837.474338745,81528.81180214,Midwest (PADD 2),2.596,71920,860.0
Indiana,71242560.0,4.5,5100,4700,68900,0,745100,14500,0,0,0,4887900,175900,70700,2019,30106.03806836,52613.084925735,82719.122994095,Midwest (PADD 2),2.486,71850,810.0
Indiana,71242560.0,4.5,7000,5300,75300,0,774400,13400,0,0,0,4916700,183700,70300,2020,27731.13952,48876.60096,76607.74049,Midwest (PADD 2),2.027,78840,897.0
Indiana,71242560.0,4.5,10400,7500,88200,41100,587400,800,100,0,0,5149000,151600,61000,2021,29108.04545,49532.35059,78640.39604,Midwest (PADD 2),2.885,78150,932.0
Indiana,71242560.0,4.5,26100,12900,119100,56300,576300,300,0,0,0,5166200,156400,58500,2023,"       32,806 ","       52,403 ","         85,209 ",Midwest (PADD 2),3.363,72810,872.2413793103449
Indiana,71242560.0,4.5,17700,10100,100900,49100,587100,300,0,0,0,5116800,153500,58900,2022,55267.38494,40417,"          95,684 ",Midwest (PADD 2),3.809,78600,949.0
Kansas,30107610.0,4.5,1700,1800,29600,0,295700,12100,0,0,0,2087000,94500,32400,2018,15344.843831935,16845.569143474997,32190.41297541,Midwest (PADD 2),2.596,69630,405.0
Kansas,30107610.0,4.5,2300,2100,31700,0,313500,11300,0,0,0,2094100,98800,29500,2019,15230.42932192,16612.09060635,31842.51992827,Midwest (PADD 2),2.486,76700,410.0
Kansas,30107610.0,4.5,3100,2400,34000,0,324700,10600,0,0,0,2086800,102900,27700,2020,13697.36151,14156.44037,27853.80189,Midwest (PADD 2),2.027,86470,426.0
Kansas,30107610.0,4.5,4500,3300,38300,21400,260900,400,100,0,0,2158100,85900,19900,2021,15402.10097,16290.73317,31692.83414,Midwest (PADD 2),2.885,85500,423.0
Kansas,30107610.0,4.5,11300,5600,50400,27900,253500,200,100,0,0,2168600,87400,16100,2023,"       15,274 ","       16,553 ","         31,828 ",Midwest (PADD 2),3.363,75950,435.7241379310345
Kansas,30107610.0,4.5,7600,4300,43500,25000,260100,200,100,0,0,2159200,87000,17600,2022,15144.81028,16189,"          31,334 ",Midwest (PADD 2),3.809,85080,410.0
Kentucky,43738660.0,4.5,1200,1500,35800,0,414300,13200,0,0,0,3308700,123600,41100,2018,26615.645403885,22927.960831425004,49543.60623531,Midwest (PADD 2),2.596,60790,724.0
Kentucky,43738660.0,4.5,1900,1800,38000,0,442000,12000,0,0,0,3309900,129100,38900,2019,26597.158611960003,22813.173201985002,49410.331813945006,Midwest (PADD 2),2.486,65440,732.0
Kentucky,43738660.0,4.5,2600,2100,41300,0,458800,10900,0,0,0,3281300,133700,36500,2020,25231.89812,21303.90833,46535.80644,Midwest (PADD 2),2.027,65800,780.0
Kentucky,43738660.0,4.5,4200,3100,48300,27100,365800,600,0,0,0,3422900,116200,28300,2021,26389.16562,21722.20299,48111.36861,Midwest (PADD 2),2.885,66400,806.0
Kentucky,43738660.0,4.5,11600,5600,67100,36900,361200,300,0,0,0,3415000,117600,24400,2023,"       26,621 ","       22,372 ","         48,993 ",Midwest (PADD 2),3.363,58090,811.9655172413793
Kentucky,43738660.0,4.5,7600,4400,55800,32300,363800,300,0,0,0,3368800,115800,25800,2022,26037.93124,22009,"          48,047 ",Midwest (PADD 2),3.809,62290,744.0
Louisiana,44537460.0,4.5,900,900,19000,0,539200,9500,0,0,0,3034700,158400,32200,2018,19534.185642365,30511.241806324997,50045.427448689996,Gulf Coast (PADD 3),2.446,53310,771.0
Louisiana,44537460.0,4.5,1400,1000,19800,0,554400,8500,0,0,0,3030400,162300,30800,2019,19798.282471305,31562.020770320003,51360.303241625006,Gulf Coast (PADD 3),2.283,59950,727.0
Louisiana,44537460.0,4.5,2000,1200,21600,0,556600,7700,0,0,0,3039100,164900,28000,2020,18970.56261,29403.54382,48374.10643,Gulf Coast (PADD 3),1.851,61120,828.0
Louisiana,44537460.0,4.5,3200,2000,26000,54400,413200,300,0,0,0,3185200,115000,20700,2021,20957.88712,33769.76957,54727.65668,Gulf Coast (PADD 3),2.692,59880,971.0
Louisiana,44537460.0,4.5,8200,4000,40200,64200,380100,100,0,0,0,3142800,115500,19100,2023,"       20,990 ","       34,570 ","         55,560 ",Gulf Coast (PADD 3),3.091,60640,856.2068965517242
Louisiana,44537460.0,4.5,5900,2900,31400,60100,397500,100,0,0,0,3159000,115400,19900,2022,21293.38811,35221,"          56,514 ",Gulf Coast (PADD 3),3.517,64060,906.0
Massachusetts,77959970.0,4.5,10300,11600,107000,0,387200,2600,0,0,0,4667700,74200,37500,2018,3069.173774535,63702.806952745,66771.98072728,New England (PADD 1A),2.742,93300,355.0
Massachusetts,77959970.0,4.5,14100,12900,112400,0,400100,2300,0,0,0,4613000,72600,36800,2019,3052.363118565,61837.419118125,64889.78223669,New England (PADD 1A),2.574,103600,336.0
Massachusetts,77959970.0,4.5,21000,15600,122600,0,418900,2100,0,0,0,4697000,75500,36800,2020,2693.04544,51433.78014,54126.82558,New England (PADD 1A),2.145,103700,343.0
Massachusetts,77959970.0,4.5,30500,22200,138800,17500,306900,400,0,0,0,4816400,59700,30800,2021,2895.17294,56219.81132,59114.98426,New England (PADD 1A),2.956,102700,413.0
Massachusetts,77959970.0,4.5,73800,43800,187300,21300,285000,200,0,0,0,4791300,58400,30000,2023,"         3,122 ","       57,626 ","         60,748 ",New England (PADD 1A),3.47,97260,401.55172413793105
Massachusetts,77959970.0,4.5,49400,30500,158600,19500,297000,200,0,0,0,4777600,59300,30200,2022,2776.67922,54172,"          56,949 ",New England (PADD 1A),3.982,96940,434.0
Maryland,67408230.0,4.5,8400,8400,95300,0,389100,4900,0,0,0,4075000,104600,40700,2018,10647.878763525,49127.556705685,59775.435469209995,Central Atlantic (PADD 1B),2.799,100500,512.0
Maryland,67408230.0,4.5,13200,10000,100700,0,400600,4400,0,0,0,4068900,107000,39400,2019,10712.42020498,49503.47353375499,60215.89373873499,Central Atlantic (PADD 1B),2.656,103400,535.0
Maryland,67408230.0,4.5,18000,11900,109700,0,406600,4100,0,0,0,4136000,111700,37900,2020,9403.71664,41481.4072,50885.12383,Central Atlantic (PADD 1B),2.282,113000,573.0
Maryland,67408230.0,4.5,25600,17200,130900,27700,347200,400,0,0,0,4380600,89500,32100,2021,10443.96526,46157.23655,56601.20181,Central Atlantic (PADD 1B),3.07,110900,563.0
Maryland,67408230.0,4.5,72100,31300,168700,32100,309300,300,0,0,0,4327800,86900,31500,2023,"       10,513 ","       46,842 ","         57,356 ",Central Atlantic (PADD 1B),3.562,112500,576.0
Maryland,67408230.0,4.5,46100,22900,146200,30300,326900,300,0,0,0,4373900,88400,31800,2022,10321.03044,46425,"          56,746 ",Central Atlantic (PADD 1B),4.033,109000,564.0
Maine,15209060.0,4.5,800,1800,19600,0,132700,1400,0,0,0,1006500,31100,11700,2018,10178.4990889,4605.0558043149995,14783.554893215,New England (PADD 1A),2.742,65240,136.0
Maine,15209060.0,4.5,1300,2200,20600,0,141300,1300,0,0,0,1002000,32500,11200,2019,10251.149263775,4620.318895435,14871.468159209999,New England (PADD 1A),2.574,70370,157.0
Maine,15209060.0,4.5,1900,2800,22400,0,148500,1200,0,0,0,1001700,34600,10900,2020,9104.33742,3982.07984,13086.41725,New England (PADD 1A),2.145,78660,164.0
Maine,15209060.0,4.5,3000,4200,25500,9100,112200,100,0,0,0,1044300,27400,8900,2021,10057.06328,4502.76173,14559.825,New England (PADD 1A),2.956,74510,153.0
Maine,15209060.0,4.5,7400,7600,33600,12000,104500,0,0,0,0,1036100,26900,7900,2023,"       10,387 ","         4,501 ","         14,888 ",New England (PADD 1A),3.47,78150,170.9655172413793
Maine,15209060.0,4.5,5000,5700,28900,10500,109100,0,0,0,0,1028100,26800,7900,2022,10164.51872,4487,"          14,651 ",New England (PADD 1A),3.982,79660,182.0
Michigan,107505650.0,4.5,4200,12300,79000,0,1351800,15300,0,0,0,6879900,285300,70300,2018,31203.83749072,71193.72000309,102397.55749381,Midwest (PADD 2),2.596,69030,977.0
Michigan,107505650.0,4.5,6600,12400,86500,0,1353800,13100,0,0,0,6786400,224900,67800,2019,31282.221429060002,70891.49611584,102173.71754489999,Midwest (PADD 2),2.486,72510,986.0
Michigan,107505650.0,4.5,10600,12500,93400,0,1348900,11200,0,0,0,6728600,217400,62100,2020,27593.02309,58953.97184,86546.99493,Midwest (PADD 2),2.027,75790,1086.0
Michigan,107505650.0,4.5,17500,17200,106400,52100,912200,500,100,0,0,7067400,173200,51600,2021,30922.39177,65822.09438,96744.48614,Midwest (PADD 2),2.885,75330,1137.0
Michigan,107505650.0,4.5,50300,29100,148100,70400,873700,300,0,0,0,7129600,174500,49400,2023,"       31,403 ","       66,886 ","         98,289 ",Midwest (PADD 2),3.363,71730,1145.6896551724137
Michigan,107505650.0,4.5,33100,24300,122800,62800,905700,300,100,0,0,7071800,175400,49600,2022,30501.74215,65399,"          95,901 ",Midwest (PADD 2),3.809,72210,1124.0
Minnesota,62612400.0,4.5,4900,4800,71000,0,660700,10700,0,0,0,4078700,138800,42600,2018,24672.07356858,35766.240517155,60438.31408573499,Midwest (PADD 2),2.596,85630,381.0
Minnesota,62612400.0,4.5,7700,5800,77400,0,704600,10100,0,0,0,4174400,155100,43800,2019,24827.163405684998,35903.81769152499,60730.981097209995,Midwest (PADD 2),2.486,86150,364.0
Minnesota,62612400.0,4.5,10400,6700,83800,0,722800,9100,0,0,0,4162400,161700,43000,2020,22166.57409,29452.86705,51619.44114,Midwest (PADD 2),2.027,96250,394.0
Minnesota,62612400.0,4.5,15000,8900,95200,40100,548700,300,0,0,0,4342800,128700,29800,2021,24548.25742,32622.85195,57171.10937,Midwest (PADD 2),2.885,92130,488.0
Minnesota,62612400.0,4.5,37100,16100,124500,52700,516400,100,0,0,0,4219200,127900,24500,2023,"       23,572 ","       34,474 ","         58,046 ",Midwest (PADD 2),3.363,93980,495.17241379310343
Minnesota,62612400.0,4.5,24300,11900,105300,46900,531500,100,0,0,0,4180500,127300,25600,2022,24035.86406,33435,"          57,471 ",Midwest (PADD 2),3.809,90080,444.0
Missouri,63677360.0,4.5,3500,4200,98600,0,744500,17800,0,0,0,4638300,212900,60600,2018,33166.283766964996,43428.71551541,76594.99928237499,Midwest (PADD 2),2.596,69180,921.0
Missouri,63677360.0,4.5,4900,5000,86200,0,764500,15900,0,0,0,4591200,219600,55900,2019,34509.58136636,44658.668508995,79168.24987535499,Midwest (PADD 2),2.486,74050,881.0
Missouri,63677360.0,4.5,6700,5300,77600,0,744100,14000,0,0,0,4442300,212200,52100,2020,32529.53124,40267.50575,72797.03699,Midwest (PADD 2),2.027,71630,987.0
Missouri,63677360.0,4.5,10000,7200,85600,55800,602500,1800,100,0,0,4582100,172100,40700,2021,36463.90881,43327.01843,79790.92724,Midwest (PADD 2),2.885,72740,1016.0
Missouri,63677360.0,4.5,26900,13900,113900,70400,575500,900,100,0,0,4608600,178200,37600,2023,"       36,368 ","       44,457 ","         80,825 ",Midwest (PADD 2),3.363,74360,1012.9655172413793
Missouri,63677360.0,4.5,17900,10400,95100,61300,576700,1200,100,0,0,4444600,176200,38900,2022,36269.47762,43161,"          79,431 ",Midwest (PADD 2),3.809,71210,1057.0
Mississippi,28051300.0,4.5,300,500,13600,0,342300,6300,0,0,0,2125900,89700,15000,2018,23832.70079006,16897.73870031,40730.43949037,Gulf Coast (PADD 3),2.446,52960,663.0
Mississippi,28051300.0,4.5,500,600,14400,0,366500,5600,0,0,0,2166800,95100,14800,2019,23995.593878215,17095.31667303,41090.910551245004,Gulf Coast (PADD 3),2.283,51320,642.0
Mississippi,28051300.0,4.5,800,700,15800,0,381000,5000,0,0,0,2197800,99600,13800,2020,23288.7573,16376.33019,39665.08749,Gulf Coast (PADD 3),1.851,52940,748.0
Mississippi,28051300.0,4.5,1300,1100,18700,27400,305000,200,0,0,0,2289900,76000,9600,2021,24284.42729,16568.39795,40852.82524,Gulf Coast (PADD 3),2.692,52800,766.0
Mississippi,28051300.0,4.5,3600,2000,28200,34900,295200,100,0,0,0,2275600,75200,8500,2023,"       24,281 ","       16,663 ","         40,944 ",Gulf Coast (PADD 3),3.091,50540,774.1034482758621
Mississippi,28051300.0,4.5,2400,1600,22300,31600,302000,100,0,0,0,2275400,75400,9100,2022,23648.06066,16304,"          39,952 ",Gulf Coast (PADD 3),3.517,52230,703.0
Montana,11752250.0,4.5,500,400,10000,0,123700,4400,0,0,0,729000,89600,18400,2018,8754.20098647,3945.4350039399997,12699.635990409999,Rocky Mountain (PADD 4),2.775,70250,181.0
Montana,11752250.0,4.5,700,500,10500,0,129000,3900,0,0,0,717800,90900,16800,2019,8940.817865635001,3951.1296675099998,12891.947533145001,Rocky Mountain (PADD 4),2.646,69190,184.0
Montana,11752250.0,4.5,900,600,11200,0,130600,3600,0,0,0,714000,93100,16400,2020,8423.37753,3680.71381,12104.09134,Rocky Mountain (PADD 4),2.248,71150,213.0
Montana,11752250.0,4.5,1600,1100,13900,27500,100500,100,0,0,0,761800,70900,12200,2021,9448.53008,4033.13858,13481.66866,Rocky Mountain (PADD 4),3.177,66380,239.0
Montana,11752250.0,4.5,4600,2500,21100,37900,94500,0,0,0,0,780700,69600,10800,2023,"         9,689 ","         4,011 ","         13,700 ",Rocky Mountain (PADD 4),3.597,75870,222.82758620689654
Montana,11752250.0,4.5,3300,1700,17100,33200,98000,0,0,0,0,765400,69900,11000,2022,9314.4931,4199,"          13,514 ",Rocky Mountain (PADD 4),3.983,72790,213.0
North Carolina,106736160.0,4.5,7300,6500,119400,0,791100,22300,0,0,0,7205800,229300,99200,2018,41165.72521638,79961.523407185,121127.248623565,Lower Atlantic (PADD 1C),2.563,60630,1436.0
North Carolina,106736160.0,4.5,11600,8100,126600,0,846400,20600,0,0,0,7311100,242600,96300,2019,41618.065331635,80856.588686515,122474.65401815,Lower Atlantic (PADD 1C),2.41,64020,1457.0
North Carolina,106736160.0,4.5,16200,9300,133400,0,878800,19700,0,0,0,7376600,256300,93400,2020,36857.0339,69485.33147,106342.36536,Lower Atlantic (PADD 1C),2.012,72290,1538.0
North Carolina,106736160.0,4.5,25200,13500,151600,61000,687700,800,200,0,0,7685800,210000,77000,2021,40605.78279,77128.65113,117734.43391,Lower Atlantic (PADD 1C),2.833,70700,1693.0
North Carolina,106736160.0,4.5,70200,23700,210600,80200,655000,300,100,0,0,7764000,209700,71700,2023,"       52,938 ","       69,319 ","       122,258 ",Lower Atlantic (PADD 1C),3.279,67660,1471.7931034482758
North Carolina,106736160.0,4.5,45600,18800,175300,71300,675300,300,100,0,0,7700300,209600,73700,2022,41032.69026,78348,"        119,381 ",Lower Atlantic (PADD 1C),3.654,70430,1630.0
North Dakota,8128390.0,4.5,100,200,3700,0,133300,4300,0,0,0,560300,54700,15900,2018,6882.111108245001,2973.55256034,9855.663668585,Midwest (PADD 2),2.596,73630,105.0
North Dakota,8128390.0,4.5,200,200,4000,0,135800,4000,0,0,0,563900,56700,14000,2019,6875.846227915,2950.22204307,9826.068270985,Midwest (PADD 2),2.486,79780,100.0
North Dakota,8128390.0,4.5,200,300,4400,0,135600,3700,0,0,0,567200,57700,12500,2020,5886.06268,2881.5381,8767.60078,Midwest (PADD 2),2.027,82780,100.0
North Dakota,8128390.0,4.5,400,400,5400,16000,95700,100,0,0,0,607000,42800,9000,2021,6291.90725,2963.75917,9255.66642,Midwest (PADD 2),2.885,75010,101.0
North Dakota,8128390.0,4.5,1000,800,8200,20400,89900,0,0,0,0,625300,44600,7200,2023,"         6,850 ","         3,046 ","           9,896 ",Midwest (PADD 2),3.363,81840,110.86206896551724
North Dakota,8128390.0,4.5,600,600,6600,18300,93500,0,0,0,0,614300,43800,7800,2022,6285.24281,2895,"            9,180 ",Midwest (PADD 2),3.809,77140,98.0
Nebraska,20497970.0,4.5,900,1000,16800,0,246300,8400,0,0,0,1474400,84200,34000,2018,11616.948929975,9357.786163405,20974.73509338,Midwest (PADD 2),2.596,72910,230.0
Nebraska,20497970.0,4.5,1300,1100,18200,0,256900,7700,0,0,0,1476500,87000,32400,2019,11663.177181025,9578.614976925,21241.79215795,Midwest (PADD 2),2.486,81060,248.0
Nebraska,20497970.0,4.5,1800,1300,20200,0,262800,7200,0,0,0,1482500,90400,31700,2020,10836.16826,8595.69645,19431.86472,Midwest (PADD 2),2.027,86370,233.0
Nebraska,20497970.0,4.5,2700,2000,23700,21600,202500,200,0,0,0,1574900,73800,27300,2021,11868.76725,9340.89903,21209.66629,Midwest (PADD 2),2.885,84520,221.0
Nebraska,20497970.0,4.5,6900,3800,32600,28900,197100,100,0,0,0,1600400,76100,25300,2023,"       11,628 ","         9,646 ","         21,275 ",Midwest (PADD 2),3.363,81480,249.13793103448276
Nebraska,20497970.0,4.5,4600,2900,27300,25600,201800,100,0,0,0,1576900,75100,25900,2022,11630.48252,9640,"          21,270 ",Midwest (PADD 2),3.809,87470,244.0
New Hampshire,16005250.0,4.5,1200,2000,20700,0,124700,1400,0,0,0,1145600,33600,15800,2018,5484.04074194,8292.43231433,13776.47305627,New England (PADD 1A),2.742,92550,147.0
New Hampshire,16005250.0,4.5,1900,2200,21900,0,133100,1300,0,0,0,1156800,35000,15700,2019,5554.192995515,8273.928487855,13828.12148337,New England (PADD 1A),2.574,97580,101.0
New Hampshire,16005250.0,4.5,2700,2500,23300,0,135900,1200,0,0,0,1159600,37600,15800,2020,4937.32022,7018.93554,11956.25576,New England (PADD 1A),2.145,102700,104.0
New Hampshire,16005250.0,4.5,4000,3500,27000,11300,102800,200,0,0,0,1187400,29300,12700,2021,5429.04692,7700.76079,13129.80771,New England (PADD 1A),2.956,104000,118.0
New Hampshire,16005250.0,4.5,9900,6600,36800,13900,89600,100,0,0,0,1185300,29200,12300,2023,"         5,420 ","         8,095 ","         13,515 ",New England (PADD 1A),3.47,88350,125.89655172413794
New Hampshire,16005250.0,4.5,7000,4800,31100,12900,95400,100,0,0,0,1180700,29400,12300,2022,5484.23928,7796,"          13,281 ",New England (PADD 1A),3.982,99490,146.0
New Jersey,100493600.0,4.5,13400,10800,89200,0,540100,3800,0,0,0,6333400,109700,50700,2018,4867.9992987000005,72670.9118732,77538.9111719,Central Atlantic (PADD 1B),2.799,87180,563.0
New Jersey,100493600.0,4.5,20200,11700,99900,0,561100,3300,0,0,0,6384100,110900,51400,2019,4967.38190385,73237.91529499,78205.29719884,Central Atlantic (PADD 1B),2.656,88980,558.0
New Jersey,100493600.0,4.5,30400,12800,104600,0,548400,2900,0,0,0,6227300,106700,47000,2020,4250.79073,62090.35922,66341.14996,Central Atlantic (PADD 1B),2.282,103700,586.0
New Jersey,100493600.0,4.5,47800,18500,121500,23900,412200,500,100,0,0,6346100,86400,38100,2021,4695.89319,68976.86422,73672.75741,Central Atlantic (PADD 1B),3.07,100100,692.0
New Jersey,100493600.0,4.5,134800,40900,174200,27800,392100,300,0,0,0,6433000,84600,36400,2023,"         4,841 ","       73,165 ","         78,007 ",Central Atlantic (PADD 1B),3.562,96010,670.7241379310345
New Jersey,100493600.0,4.5,87000,26800,142600,25900,404200,300,0,0,0,6339500,85500,36900,2022,4755.77124,70532,"          75,288 ",Central Atlantic (PADD 1B),4.033,99170,685.0
New Mexico,21264720.0,4.5,1300,1300,25000,0,183700,6900,0,0,0,1478700,100000,33500,2018,16179.404605945001,11108.902366165,27288.306972110004,Gulf Coast (PADD 3),2.446,55800,392.0
New Mexico,21264720.0,4.5,1900,1600,26800,0,194100,6400,0,0,0,1490400,104300,31600,2019,16423.033840520002,11349.041209875,27772.075050395004,Gulf Coast (PADD 3),2.283,57920,425.0
New Mexico,21264720.0,4.5,2600,1900,28500,0,197900,6000,0,0,0,1490700,108100,30300,2020,14210.55419,9545.88142,23756.4356,Gulf Coast (PADD 3),1.851,62780,398.0
New Mexico,21264720.0,4.5,4200,2800,32800,25200,156900,200,100,0,0,1569000,87600,24500,2021,16053.82571,10769.57753,26823.40324,Gulf Coast (PADD 3),2.692,59550,483.0
New Mexico,21264720.0,4.5,10300,4900,44300,32100,151600,100,100,0,0,1597600,88500,22900,2023,"       17,108 ","       11,061 ","         28,169 ",Gulf Coast (PADD 3),3.091,58660,421.0689655172414
New Mexico,21264720.0,4.5,7100,3900,37600,28600,155900,100,100,0,0,1584500,88000,23600,2022,16097.24199,10734,"          26,831 ",Gulf Coast (PADD 3),3.517,59870,466.0
Nevada,33756380.0,4.5,5100,2900,37300,0,171800,6200,0,0,0,2005700,90600,32800,2018,5701.0887006600005,22617.923470205,28319.012170865004,West Coast (PADD 5),3.3,71030,329.0
Nevada,33756380.0,4.5,7900,3600,40100,0,181300,5700,0,0,0,2037600,95500,32000,2019,5639.128881684999,23154.608551485,28793.737433169998,West Coast (PADD 5),3.337,74210,304.0
Nevada,33756380.0,4.5,11000,4200,42900,0,183700,5100,0,0,0,2036400,99100,28900,2020,5332.92905,19898.41731,25231.34636,West Coast (PADD 5),2.82,83820,333.0
Nevada,33756380.0,4.5,17400,6300,50200,21300,133600,300,100,0,0,2140700,84700,22800,2021,5930.60297,21146.00503,27076.608,West Coast (PADD 5),3.7,71550,385.0
Nevada,33756380.0,4.5,47400,10600,69600,27200,125600,200,100,0,0,2169300,85800,20300,2023,"         5,859 ","       21,918 ","         27,777 ",West Coast (PADD 5),4.513,75200,332.62068965517244
Nevada,33756380.0,4.5,32900,8800,59100,24700,130700,200,100,0,0,2157700,85200,21300,2022,5926.9028,21720,"          27,647 ",West Coast (PADD 5),4.952,72050,416.0
New York,217133820.0,4.5,15500,24300,173200,0,1003900,7800,0,0,0,9967300,184600,107000,2018,25303.332113049997,98207.0665203,123510.39863334999,Central Atlantic (PADD 1B),2.799,75310,964.0
New York,217133820.0,4.5,23000,28000,182800,0,1027800,7000,0,0,0,9935300,186100,107200,2019,25486.971643050005,98499.1826779,123986.15432095001,Central Atlantic (PADD 1B),2.656,80700,934.0
New York,217133820.0,4.5,32600,32600,192700,0,1020500,6200,0,0,0,9890800,189900,102600,2020,21922.33297,80554.54157,102476.87454,Central Atlantic (PADD 1B),2.282,84940,1045.0
New York,217133820.0,4.5,51900,44600,221600,43000,663700,900,100,0,0,10116400,152400,83200,2021,23327.91947,83541.83953,106869.759,Central Atlantic (PADD 1B),3.07,80320,1156.0
New York,217133820.0,4.5,131300,92300,314000,54300,591100,400,100,0,0,9905500,150500,79100,2023,"       25,133 ","       94,934 ","       120,067 ",Central Atlantic (PADD 1B),3.562,78920,1314.655172413793
New York,217133820.0,4.5,84700,59800,259600,48400,633100,400,100,0,0,9987400,152000,80800,2022,24613.35131,90769,"        115,382 ",Central Atlantic (PADD 1B),4.033,81660,1175.0
Ohio,126606420.0,4.5,6400,7200,104900,0,1075400,17600,0,0,0,8725900,220800,96000,2018,34637.288702495,79837.15193347,114474.440635965,Midwest (PADD 2),2.596,74270,1068.0
Ohio,126606420.0,4.5,10200,8600,114500,0,1127400,15800,0,0,0,8735800,231500,92200,2019,35021.94728093,79671.641341365,114693.588622295,Midwest (PADD 2),2.486,73930,1153.0
Ohio,126606420.0,4.5,14500,9500,124100,0,1153500,14100,0,0,0,8690900,240900,88900,2020,31182.20049,71932.73564,103114.93613,Midwest (PADD 2),2.027,76440,1230.0
Ohio,126606420.0,4.5,21200,13100,143700,54600,875100,1200,100,0,0,9019200,199200,68800,2021,34033.2023,78889.81375,112923.01605,Midwest (PADD 2),2.885,70640,1354.0
Ohio,126606420.0,4.5,50400,24000,199800,70300,833500,700,100,0,0,8881400,196200,60900,2023,"       34,693 ","       78,531 ","       113,224 ",Midwest (PADD 2),3.363,70200,1237.1379310344828
Ohio,126606420.0,4.5,34100,17800,165700,63400,868500,700,100,0,0,8868300,197000,62700,2022,33984.80782,76593,"        110,578 ",Midwest (PADD 2),3.809,70200,1275.0
Oklahoma,37614540.0,4.5,3700,1300,27800,0,629100,17100,0,0,0,3204200,178300,64500,2018,22096.3646783,23336.648140849997,45433.01281915,Gulf Coast (PADD 3),2.446,63490,655.0
Oklahoma,37614540.0,4.5,3400,1600,28500,0,621500,15700,0,0,0,3228200,186900,62000,2019,22020.0570095,22628.1795967,44648.2366062,Gulf Coast (PADD 3),2.283,65300,640.0
Oklahoma,37614540.0,4.5,3400,1800,30100,0,574100,14800,0,0,0,3126100,190800,60600,2020,20871.70554,21128.473,42000.17854,Gulf Coast (PADD 3),1.851,70210,653.0
Oklahoma,37614540.0,4.5,7100,6900,38700,50700,391100,2400,300,0,0,3429700,148500,48700,2021,22464.0325,22295.7282,44759.7607,Gulf Coast (PADD 3),2.692,61380,762.0
Oklahoma,37614540.0,4.5,22800,33000,56400,63100,352400,1800,200,0,0,3567500,145700,45000,2023,"       22,763 ","       22,997 ","         45,760 ",Gulf Coast (PADD 3),3.091,65960,711.3103448275862
Oklahoma,37614540.0,4.5,16300,11500,47000,60200,380800,2000,300,0,0,3538100,147500,46200,2022,21946.44141,22619,"          44,566 ",Gulf Coast (PADD 3),3.517,67300,710.0
Oregon,44715310.0,4.5,13800,8400,96300,0,210600,13500,0,0,0,3177400,238000,85700,2018,14588.95638615,22259.460546000002,36848.41693215,West Coast (PADD 5),3.3,76480,502.0
Oregon,44715310.0,4.5,18800,10400,102000,0,222400,12100,0,0,0,3125800,243500,80100,2019,13608.018196299998,22200.447127,35808.4653233,West Coast (PADD 5),3.337,82970,493.0
Oregon,44715310.0,4.5,22800,11800,106100,0,222000,10900,0,0,0,2990200,246200,82600,2020,12375.82088,19922.15757,32297.97845,West Coast (PADD 5),2.82,87960,507.0
Oregon,44715310.0,4.5,30300,16900,123200,43900,193700,300,100,0,0,3094700,217800,63900,2021,14870.82027,21971.15532,36841.97559,West Coast (PADD 5),3.7,89910,599.0
Oregon,44715310.0,4.5,64400,28800,156900,55500,184600,100,100,0,0,3074300,217000,51000,2023,"       14,640 ","       22,176 ","         36,816 ",West Coast (PADD 5),4.513,90230,460.8965517241379
Oregon,44715310.0,4.5,47000,22500,138900,50200,186300,100,100,0,0,3065400,216100,53200,2022,14603.73545,21972,"          36,576 ",West Coast (PADD 5),4.952,91660,601.0
Pennsylvania,140438420.0,4.5,8000,9500,114800,0,893300,11900,0,0,0,8661000,227000,77500,2018,34317.91335684,67791.53341542,102109.44677226,Central Atlantic (PADD 1B),2.799,75000,1190.0
Pennsylvania,140438420.0,4.5,12000,11200,126300,0,931800,10500,0,0,0,8676900,234000,72900,2019,34504.763067315,68358.746703705,102863.50977101999,Central Atlantic (PADD 1B),2.656,77400,1059.0
Pennsylvania,140438420.0,4.5,17500,12800,140800,0,953200,9600,0,0,0,8781500,241000,69500,2020,31098.67182,56883.81912,87982.49094,Central Atlantic (PADD 1B),2.282,83430,1129.0
Pennsylvania,140438420.0,4.5,26800,17800,168200,58600,723000,1200,100,0,0,9035500,195000,51000,2021,34231.54995,68454.49065,102686.0406,Central Atlantic (PADD 1B),3.07,82810,1230.0
Pennsylvania,140438420.0,4.5,70200,38900,245400,73900,661700,500,100,0,0,8886400,192100,41800,2023,"       32,251 ","       67,875 ","       100,126 ",Central Atlantic (PADD 1B),3.562,75070,1369.0689655172414
Pennsylvania,140438420.0,4.5,47400,25400,199600,68100,698500,500,100,0,0,8888900,191700,45100,2022,32508.86795,67403,"          99,912 ",Central Atlantic (PADD 1B),4.033,81330,1179.0
Rhode Island,12272760.0,4.5,700,1200,12400,0,55500,600,0,0,0,792000,13200,7800,2018,913.3157897450001,7095.2664171549995,8008.5822069,New England (PADD 1A),2.742,80030,59.0
Rhode Island,12272760.0,4.5,1100,1300,13100,0,57700,500,0,0,0,792000,13100,7800,2019,918.30014627,6662.532111555,7580.832257825,New England (PADD 1A),2.574,74690,57.0
Rhode Island,12272760.0,4.5,1600,1600,14100,0,59100,500,0,0,0,785400,13300,7500,2020,771.90213,6092.19116,6864.09328,New England (PADD 1A),2.145,82920,67.0
Rhode Island,12272760.0,4.5,2500,2400,16300,2500,44100,100,0,0,0,796100,11300,6300,2021,1006.06823,6520.24385,7526.31208,New England (PADD 1A),2.956,93790,63.0
Rhode Island,12272760.0,4.5,6400,5100,22100,3100,41900,0,0,0,0,782000,11000,6000,2023,            898 ,"         6,666 ","           7,564 ",New England (PADD 1A),3.47,83860,70.55172413793103
Rhode Island,12272760.0,4.5,4300,3400,18600,2800,43100,0,0,0,0,782500,11200,6100,2022,885.72997,6645,"            7,531 ",New England (PADD 1A),3.982,83970,52.0
South Carolina,52766100.0,4.5,2000,2200,43800,0,462200,14100,0,0,0,3906000,112500,61700,2018,25595.92992381,31204.752827755,56800.682751565,Lower Atlantic (PADD 1C),2.563,66740,1036.0
South Carolina,52766100.0,4.5,3000,2600,46500,0,493800,13000,0,0,0,3954600,119000,59600,2019,26014.876563190006,31924.520812685,57939.39737587501,Lower Atlantic (PADD 1C),2.41,68910,1006.0
South Carolina,52766100.0,4.5,4400,3000,49700,0,515600,12200,0,0,0,4004100,127200,56200,2020,24390.80677,29581.24525,53972.05201,Lower Atlantic (PADD 1C),2.012,73320,1066.0
South Carolina,52766100.0,4.5,7400,4700,57400,32100,411800,400,100,0,0,4200600,104900,46000,2021,26016.24885,31475.70604,57491.95488,Lower Atlantic (PADD 1C),2.833,70590,1198.0
South Carolina,52766100.0,4.5,20900,9000,83100,44600,404600,100,100,0,0,4325000,110100,44900,2023,"       22,771 ","       38,022 ","         60,794 ",Lower Atlantic (PADD 1C),3.279,64220,976.8965517241379
South Carolina,52766100.0,4.5,13500,6700,66800,38300,411400,100,100,0,0,4254700,107600,45500,2022,26420.50982,32568,"          58,988 ",Lower Atlantic (PADD 1C),3.654,70040,1094.0
South Dakota,9572730.0,4.5,200,300,6300,0,135300,5000,0,0,0,689100,62000,21600,2018,6785.8809679450005,2933.52516468,9719.406132625001,Midwest (PADD 2),2.596,69650,130.0
South Dakota,9572730.0,4.5,300,400,6600,0,137000,4500,0,0,0,683200,63200,20000,2019,6933.6774143600005,2988.7221294449996,9922.399543805,Midwest (PADD 2),2.486,71330,102.0
South Dakota,9572730.0,4.5,400,500,7200,0,139400,4100,0,0,0,688400,65500,19500,2020,6839.00674,2903.50114,9742.50787,Midwest (PADD 2),2.027,75950,141.0
South Dakota,9572730.0,4.5,700,700,8700,16900,105000,100,0,0,0,726200,51100,15700,2021,7087.06185,2906.84888,9993.91073,Midwest (PADD 2),2.885,82110,148.0
South Dakota,9572730.0,4.5,1700,1300,11900,21500,98800,0,0,0,0,718300,51200,13300,2023,"         7,230 ","         3,114 ","         10,345 ",Midwest (PADD 2),3.363,69850,149.68965517241378
South Dakota,9572730.0,4.5,1200,1000,10300,20000,105700,0,0,0,0,739400,53000,14500,2022,7125.51968,3044,"          10,170 ",Midwest (PADD 2),3.809,82750,137.0
Tennessee,70298590.0,4.5,3900,2900,59200,0,567600,19100,0,0,0,5059400,164100,55600,2018,25892.149895399998,55429.34107235,81321.49096775,,,67680,1040.0
Tennessee,70298590.0,4.5,5700,3600,64300,0,611900,17400,0,0,0,5160900,172700,53000,2019,26183.901777049996,56707.869082549994,82891.77085959999,,,67250,1136.0
Tennessee,70298590.0,4.5,7800,4300,68700,0,638600,16500,0,0,0,5218400,181600,50900,2020,24955.40397,51437.07097,76392.47494,,,66940,1217.0
Tennessee,70298590.0,4.5,12200,6300,79800,38400,511000,500,100,0,0,5396100,150200,39600,2021,26888.58927,55707.00324,82595.59251,,,64310,1327.0
Tennessee,70298590.0,4.5,33200,11000,113300,53100,509000,200,100,0,0,5620500,160700,37700,2023,"       27,692 ","       55,713 ","         83,405 ",,,67980,1155.6896551724137
Tennessee,70298590.0,4.5,22000,8900,94000,45700,519400,100,100,0,0,5536100,157700,38600,2022,26900.67214,56318,"          83,219 ",,,69610,1314.0
Texas,292772760.0,4.499532148108542,24500,14700,227700,0,3005900,51300,0,0,0,18453800,1019300,175300,2018,76746.827479225,205290.437622085,282037.26510131,Gulf Coast (PADD 3),2.446,73540,3648.0
Texas,292772760.0,4.499532148108542,38400,18100,244600,0,3200700,47300,0,100,0,19293900,1070200,178000,2019,78625.132291655,209602.10325283505,288227.23554449005,Gulf Coast (PADD 3),2.283,71720,3619.0
Texas,292772760.0,4.499532148108542,52200,20400,262300,0,3250000,43600,0,100,0,19609700,1107000,163600,2020,71681.78623,188900.16922,260581.95545,Gulf Coast (PADD 3),1.851,79720,3876.0
Texas,292772760.0,4.499532148108542,80900,30600,304700,376300,2422300,2200,1600,0,0,20599100,765100,131100,2021,79183.94139,205843.71991,285027.66129,Gulf Coast (PADD 3),2.692,80020,4500.0
Texas,292772760.0,4.499532148108542,230100,55300,445100,460700,2315400,1300,1300,0,0,21392800,772800,121800,2023,"       79,555 ","     220,783 ","       300,338 ",Gulf Coast (PADD 3),3.091,77600,3595.7241379310344
Texas,292772760.0,4.499532148108542,149000,42800,361800,420800,2398800,1400,1400,0,0,21065800,771000,133200,2022,79324.55395,211566,"        290,890 ",Gulf Coast (PADD 3),3.517,75480,4408.0
Utah,31741340.0,4.5,5600,3400,40900,0,214100,9700,0,0,0,2221100,173700,36600,2018,8915.767088179999,23153.520825314998,32069.287913494998,Rocky Mountain (PADD 4),2.775,85400,260.0
Utah,31741340.0,4.5,8000,4400,45300,0,230100,9200,0,0,0,2291100,183300,36300,2019,8887.91472158,24022.760402879998,32910.67512446,Rocky Mountain (PADD 4),2.646,92450,248.0
Utah,31741340.0,4.5,11200,5200,49800,0,231700,8700,0,0,0,2346000,191400,35700,2020,8776.5489,21474.63458,30251.18348,Rocky Mountain (PADD 4),2.248,99910,276.0
Utah,31741340.0,4.5,16500,7500,58500,51600,190200,2600,700,0,0,2428900,153800,27400,2021,9833.1461,23804.80093,33637.94703,Rocky Mountain (PADD 4),3.177,98260,332.0
Utah,31741340.0,4.5,40000,13000,83200,68500,185200,2200,500,0,0,2499600,158000,26000,2023,"         9,927 ","       24,657 ","         34,584 ",Rocky Mountain (PADD 4),3.597,99610,293.3103448275862
Utah,31741340.0,4.5,28000,10200,69300,61500,189900,2300,600,0,0,2454700,155000,26000,2022,9861.91762,24474,"          34,336 ",Rocky Mountain (PADD 4),3.983,98150,319.0
Virginia,90310790.0,4.5,9900,8100,141300,0,569100,15100,0,0,0,6721800,173400,55800,2018,29008.878617399998,56327.223439675,85336.102057075,Lower Atlantic (PADD 1C),2.563,86650,820.0
Virginia,90310790.0,4.5,15000,9800,151000,0,603200,13600,0,0,0,6750300,178400,52200,2019,29392.148877455,56040.335275625,85432.48415308,Lower Atlantic (PADD 1C),2.41,92550,831.0
Virginia,90310790.0,4.5,20500,11200,157800,0,618500,12200,0,0,0,6646500,183700,46800,2020,26438.34349,49671.92574,76110.26923,Lower Atlantic (PADD 1C),2.012,96120,850.0
Virginia,90310790.0,4.5,30700,15800,176500,35300,506600,600,100,0,0,6661000,154300,32700,2021,30018.25769,50084.20841,80102.4661,Lower Atlantic (PADD 1C),2.833,96180,973.0
Virginia,90310790.0,4.5,84900,26800,229400,44300,484800,300,0,0,0,6670000,152800,30200,2023,"       26,814 ","       60,916 ","         87,730 ",Lower Atlantic (PADD 1C),3.279,88550,869.7931034482758
Virginia,90310790.0,4.5,56600,21700,198400,40000,496200,300,0,0,0,6643300,153700,31900,2022,29109.38633,52974,"          82,083 ",Lower Atlantic (PADD 1C),3.654,89890,1008.0
Vermont,7376330.0,4.5,1100,2000,12600,0,57500,600,0,0,0,513600,19100,7700,2018,5216.94078352,2129.4093940999996,7346.350177619999,New England (PADD 1A),2.742,77930,68.0
Vermont,7376330.0,4.5,1700,2000,13300,0,59100,600,0,0,0,509000,19400,7400,2019,5221.399601765001,2124.2273206150003,7345.626922380001,New England (PADD 1A),2.574,84050,47.0
Vermont,7376330.0,4.5,2200,2300,13900,0,58800,500,0,0,0,501000,19700,6800,2020,4272.6057,1734.3694,6006.9751,New England (PADD 1A),2.145,87830,62.0
Vermont,7376330.0,4.5,3400,3200,15800,5600,42000,100,0,0,0,511900,15000,5400,2021,4702.39178,1922.66321,6625.05499,New England (PADD 1A),2.956,78680,74.0
Vermont,7376330.0,4.5,7800,5700,20300,7000,36600,0,0,0,0,496000,14700,5000,2023,"         5,104 ","         2,068 ","           7,172 ",New England (PADD 1A),3.47,75060,75.10344827586206
Vermont,7376330.0,4.5,5300,4200,17800,6400,40000,0,0,0,0,501500,14700,5100,2022,5061.96779,2066,"            7,128 ",New England (PADD 1A),3.982,85190,76.0
Washington,82399840.0,4.5,30200,13700,177800,0,387400,21400,0,0,0,5608000,295400,110600,2018,17426.384174645,44940.27195645,62366.656131095006,West Coast (PADD 5),3.3,87550,539.0
Washington,82399840.0,4.5,40400,16100,193400,0,408800,19600,0,0,0,5612100,308700,100300,2019,17496.734477585,45032.903839624996,62529.638317209996,West Coast (PADD 5),3.337,95640,538.0
Washington,82399840.0,4.5,50500,18400,211300,0,424000,18700,0,0,0,5687600,326300,95300,2020,15493.03656,38165.20474,53658.2413,West Coast (PADD 5),2.82,97470,574.0
Washington,82399840.0,4.5,66800,24300,240000,59000,359700,600,100,0,0,5792000,283600,64400,2021,17036.84354,40759.75257,57796.59611,West Coast (PADD 5),3.7,95180,674.0
Washington,82399840.0,4.5,152100,41200,307200,73800,337700,100,100,0,0,5583000,274200,46700,2023,"       16,723 ","       43,081 ","         59,804 ",West Coast (PADD 5),4.513,92980,583.0
Washington,82399840.0,4.5,104100,31400,270200,67500,348300,100,100,0,0,5650700,277400,52700,2022,16964.79763,41518,"          58,483 ",West Coast (PADD 5),4.952,98150,733.0
Wisconsin,64475760.0,4.5,3700,4500,70900,0,696300,11400,0,0,0,4515800,162500,47100,2018,33357.19853522,32528.236413610004,65885.43494883,Midwest (PADD 2),2.596,77690,589.0
Wisconsin,64475760.0,4.5,4700,5300,76200,0,733700,10100,0,0,0,4519800,168800,45300,2019,33385.58773433,32962.036118075004,66347.623852405,Midwest (PADD 2),2.486,75130,567.0
Wisconsin,64475760.0,4.5,6300,5900,82500,0,755700,8700,0,0,0,4494600,175200,41900,2020,29253.11154,28346.82951,57599.94105,Midwest (PADD 2),2.027,79620,612.0
Wisconsin,64475760.0,4.5,9300,7700,93500,39800,556500,700,100,0,0,4639100,143300,29900,2021,33249.72774,31733.55173,64983.27947,Midwest (PADD 2),2.885,78860,620.0
Wisconsin,64475760.0,4.5,24900,12500,123600,52900,536200,300,0,0,0,4604700,147500,26400,2023,"       34,334 ","       32,915 ","         67,248 ",Midwest (PADD 2),3.363,76240,670.8965517241379
Wisconsin,64475760.0,4.5,15700,10000,105200,46500,549700,300,0,0,0,4577400,144500,26900,2022,33810.57855,32356,"          66,167 ",Midwest (PADD 2),3.809,78320,596.0
West Virginia,17305130.0,4.5,200,500,10100,0,172900,3500,0,0,0,1256800,54700,16500,2018,9868.280034075,9579.043176674999,19447.32321075,Lower Atlantic (PADD 1C),2.563,57460,294.0
West Virginia,17305130.0,4.5,400,600,10900,0,177300,3100,0,0,0,1234300,56300,15400,2019,9610.32561165,9466.234048350001,19076.55966,Lower Atlantic (PADD 1C),2.41,60670,260.0
West Virginia,17305130.0,4.5,600,700,11900,0,178200,2800,0,0,0,1216500,57800,14200,2020,8260.11577,7794.02448,16054.14025,Lower Atlantic (PADD 1C),2.012,63480,267.0
West Virginia,17305130.0,4.5,1000,1000,14500,13900,129800,200,0,0,0,1268300,46100,10900,2021,8312.98006,7766.29487,16079.27494,Lower Atlantic (PADD 1C),2.833,60800,282.0
West Virginia,17305130.0,4.5,2800,1800,22400,17300,123400,100,0,0,0,1281500,46400,15200,2023,"         8,145 ","         7,817 ","         15,962 ",Lower Atlantic (PADD 1C),3.279,54540,344.6551724137931
West Virginia,17305130.0,4.5,1900,1400,18300,15600,127500,100,0,0,0,1267500,45700,10900,2022,7987.65311,7325,"          15,312 ",Lower Atlantic (PADD 1C),3.654,52450,264.0
Wyoming,6170640.0,4.5,200,200,4100,0,71500,4200,0,0,0,450100,72900,20400,2018,7386.93206303,3051.51055025,10438.44261328,Rocky Mountain (PADD 4),2.775,72860,111.0
Wyoming,6170640.0,4.5,200,200,4200,0,75100,3800,0,0,0,452800,75400,19100,2019,7189.574858225,3018.03078947,10207.605647695,Rocky Mountain (PADD 4),2.646,75020,147.0
Wyoming,6170640.0,4.5,300,300,4700,0,77100,3600,0,0,0,456200,77400,18700,2020,7138.56202,2661.75779,9800.31981,Rocky Mountain (PADD 4),2.248,76990,127.0
Wyoming,6170640.0,4.5,500,400,5700,17100,59400,100,0,0,0,482400,62100,15600,2021,8202.1481,2894.37205,11096.52015,Rocky Mountain (PADD 4),3.177,76570,110.0
Wyoming,6170640.0,4.5,1100,800,8400,21200,57700,0,0,0,0,489100,60900,13700,2023,"         6,996 ","         2,523 ","           9,519 ",Rocky Mountain (PADD 4),3.597,76000,146.44827586206895
Wyoming,6170640.0,4.5,800,600,6900,19100,58600,0,0,0,0,483000,61200,14200,2022,6716.98562,2607,"            9,324 ",Rocky Mountain (PADD 4),3.983,79570,134.0
